"","Year","ANDERSON RIVER","COQUIHALLA RIVER","EMORY CREEK","GASPARD CREEK (LILLOOET) PINK","HUNTER CREEK","SUCKER CREEK","NAHATLATCH RIVER","POPCUM CREEK","SILVERHOPE CREEK","SPUZZUM CREEK","WAHLEACH CREEK","YALE CREEK","CHEHALIS RIVER","HARRISON RIVER","WEAVER CREEK","AMERICAN CREEK","COQUITLAM RIVER","FRASER RIVER","KANAKA CREEK","NORRISH CREEK","NORTH ALOUETTE RIVER","SILVERDALE CREEK","STAVE RIVER","WHONNOCK CREEK","BRIDGE RIVER","PORTAGE CREEK","SETON RIVER","YALAKOM RIVER","ALOUETTE RIVER","BONAPARTE RIVER","DEADMAN RIVER","NICOLA RIVER","THOMPSON RIVER","CHURN CREEK","STEIN RIVER","CHILLIWACK CREEK","DEPOT CREEK","SWELTZER RIVER","CHILLIWACK RIVER","LORENZETTA CREEK","TEXAS CREEK","RUBY CREEK","WIDGEON CREEK","NICOAMEN RIVER","FLOODS CREEK","LIUMCHEN CREEK","NESAKWATCH CREEK","SLESSE CREEK","STOYOMA CREEK","TAMIHI CREEK","UPPER & LOWER SETON CHANNELS","WATSON BAR CREEK","CAYOOSH CREEK","PALEFACE CREEK","UPPER CHILLIWACK RIVER","BIG SILVER CREEK","WEAVER CHANNEL","ADAMS RIVER","HAWKS CREEK","QUESNEL RIVER","CHILCOTIN RIVER (LOWER)","RYDER CREEK","WILLIAMS LAKE RIVER","CHIPMUNK CREEK","DOUGLAS CREEK","LITTLE RIVER","LOWER SHUSWAP RIVER","BORDEN CREEK","FOLEY CREEK","GATES CREEK","NORTH THOMPSON RIVER","SOUTH THOMPSON RIVER","CENTRE CREEK","BIRKENHEAD RIVER","MAHOOD CREEK","LILLOOET RIVER (LOWER)","SAWMILL CREEK","JONES CREEK CHANNEL","SQUAWKUM CREEK","STEELHEAD CREEK","DEBOVILLE SLOUGH","HOY CREEK","JOHNSON SLOUGH","MARIA SLOUGH","UPPER PITT RIVER","EAGLE RIVER","SLOQUET CREEK","HATCHERY CREEK","TROUT LAKE CREEK","HIUIHILL CREEK","NIKWIKWAIA CREEK","LITTLE SHUSWAP LAKE","SCOTCH CREEK","SHUSWAP LAKE","NARCOSLI CREEK","GIESBRECHT SPAWNING CHANNEL","HOPEDALE SLOUGH","PEACH CREEK"
"1",1957,967,6601,0,0,13,655,242,0,572,1568,2034,0,9336,585798,346,8,8,1073904,216,3,13,62,7036,715,0,2010,58810,0,8,814,629,1560,266329,16,247,125,57,9831,212334,NA,NA,NA,NA,NA,NA,NA,NA,NA,NA,NA,NA,NA,NA,NA,NA,NA,NA,NA,NA,NA,NA,NA,NA,NA,NA,NA,NA,NA,NA,NA,NA,NA,NA,NA,NA,NA,NA,NA,NA,NA,NA,NA,NA,NA,NA,NA,NA,NA,NA,NA,NA,NA,NA,NA,NA,NA,NA,NA
"2",1959,567,16088,728,NA,234,1279,216,57,1914,2111,2604,510,6729,110311,87,790,0,733933,18,0,0,68,1383,57,1201,52,14887,13,NA,3,0,806,86342,NA,62,NA,NA,751,91517,991,195,528,0,73,8,0,528,317,42,0,NA,NA,NA,NA,NA,NA,NA,NA,NA,NA,NA,NA,NA,NA,NA,NA,NA,NA,NA,NA,NA,NA,NA,NA,NA,NA,NA,NA,NA,NA,NA,NA,NA,NA,NA,NA,NA,NA,NA,NA,NA,NA,NA,NA,NA,NA,NA,NA
"3",1961,166,7316,22,NA,140,502,244,0,705,263,5088,31,11921,186137,539,147,0,547850,23,NA,NA,88,3994,278,1895,1550,52019,0,NA,8,8,216,69179,NA,83,NA,NA,6224,188059,218,0,448,NA,0,0,NA,434,55,NA,NA,6711,NA,NA,NA,NA,NA,NA,NA,NA,NA,NA,NA,NA,NA,NA,NA,NA,NA,NA,NA,NA,NA,NA,NA,NA,NA,NA,NA,NA,NA,NA,NA,NA,NA,NA,NA,NA,NA,NA,NA,NA,NA,NA,NA,NA,NA,NA,NA
"4",1963,676,14971,36,NA,254,104,369,0,590,364,3500,31,12394,645476,693,307,NA,516831,3,NA,NA,151,910,255,6422,8013,107484,NA,NA,1706,101,1196,282240,81,231,NA,42,15215,312685,13,0,614,NA,NA,3,NA,2904,1578,0,101,14106,411,537,172,268,NA,NA,NA,NA,NA,NA,NA,NA,NA,NA,NA,NA,NA,NA,NA,NA,NA,NA,NA,NA,NA,NA,NA,NA,NA,NA,NA,NA,NA,NA,NA,NA,NA,NA,NA,NA,NA,NA,NA,NA,NA,NA,NA
"5",1965,31,3845,5,NA,13,31,424,NA,88,31,3000,NA,7621,69213,478,101,NA,543757,5,NA,NA,3,226,34,23657,5931,88046,NA,NA,1750,39,894,230364,5,125,NA,112,8908,188843,8,NA,221,NA,NA,NA,NA,3531,1524,NA,13,7000,NA,614,39,382,34,50,53,50,3000,NA,NA,NA,NA,NA,NA,NA,NA,NA,NA,NA,NA,NA,NA,NA,NA,NA,NA,NA,NA,NA,NA,NA,NA,NA,NA,NA,NA,NA,NA,NA,NA,NA,NA,NA,NA,NA,NA
"6",1967,65,3045,10,NA,3,211,31,NA,419,289,3162,26,5625,64576,504,192,NA,785797,NA,NA,NA,NA,276,8,6547,7822,197578,NA,NA,2070,NA,385,448032,244,169,NA,21,19586,249499,273,NA,216,NA,NA,NA,NA,2304,751,NA,31,27773,250,NA,5,75,NA,126,NA,NA,2302,50,871,NA,NA,NA,NA,NA,NA,NA,NA,NA,NA,NA,NA,NA,NA,NA,NA,NA,NA,NA,NA,NA,NA,NA,NA,NA,NA,NA,NA,NA,NA,NA,NA,NA,NA,NA,NA
"7",1969,200,2093,NA,NA,NA,322,NA,NA,450,50,1779,NA,7147,91587,NA,NA,NA,848532,NA,NA,NA,NA,NA,NA,13034,1092,180011,NA,NA,900,52,NA,247896,NA,NA,NA,NA,NA,NA,NA,NA,NA,NA,52,NA,NA,156,255,NA,8,18843,NA,NA,NA,190,200,725,NA,NA,NA,NA,26,NA,NA,NA,NA,NA,NA,NA,NA,NA,NA,NA,NA,NA,NA,NA,NA,NA,NA,NA,NA,NA,NA,NA,NA,NA,NA,NA,NA,NA,NA,NA,NA,NA,NA,NA,NA
"8",1971,68,16778,44,NA,411,1243,198,NA,1200,55,1304,109,32178,73881,1141,NA,NA,928046,NA,NA,NA,NA,NA,NA,8817,1456,262534,NA,NA,614,122,772,255880,187,31,NA,NA,13122,160511,NA,NA,1139,NA,NA,NA,NA,554,442,NA,10,30889,NA,4545,NA,104,NA,294,815,NA,4000,NA,NA,1128,330,NA,NA,NA,NA,NA,NA,NA,NA,NA,NA,NA,NA,NA,NA,NA,NA,NA,NA,NA,NA,NA,NA,NA,NA,NA,NA,NA,NA,NA,NA,NA,NA,NA,NA
"9",1973,150,11994,NA,NA,367,114,NA,NA,1872,83,2544,NA,14300,196150,255,52,NA,766053,NA,NA,NA,NA,NA,NA,23738,13983,179691,NA,NA,939,0,1300,281146,NA,NA,NA,NA,15265,209052,NA,NA,1061,NA,NA,NA,65,510,738,NA,34,30310,NA,1336,NA,400,NA,640,119,NA,NA,NA,NA,NA,NA,NA,NA,NA,NA,NA,NA,NA,NA,NA,NA,NA,NA,NA,NA,NA,NA,NA,NA,NA,NA,NA,NA,NA,NA,NA,NA,NA,NA,NA,NA,NA,NA,NA,NA
"10",1975,218,5933,NA,NA,26,NA,465,NA,229,NA,2645,NA,2356,180052,411,NA,NA,315049,NA,NA,NA,NA,NA,NA,10803,28454,208193,NA,NA,1448,2324,6853,467019,NA,36,NA,NA,16121,80611,NA,NA,NA,NA,NA,NA,NA,26,484,NA,NA,31869,NA,1541,NA,0,NA,1201,2447,NA,NA,NA,NA,NA,NA,25,244,15,0,16,NA,NA,NA,NA,NA,NA,NA,NA,NA,NA,NA,NA,NA,NA,NA,NA,NA,NA,NA,NA,NA,NA,NA,NA,NA,NA,NA,NA,NA
"11",1977,250,2821,NA,NA,143,NA,2018,NA,647,16,3350,NA,2613,126782,2397,NA,NA,775016,NA,NA,NA,NA,NA,NA,25800,19904,331844,NA,NA,611,185,988,971157,1362,582,NA,NA,5093,48254,NA,NA,NA,NA,NA,NA,NA,198,73,NA,0,48285,NA,9412,NA,0,NA,963,1165,NA,1500,NA,NA,NA,NA,NA,2730,3,NA,36,96,150,1336,NA,NA,NA,NA,NA,NA,NA,NA,NA,NA,NA,NA,NA,NA,NA,NA,NA,NA,NA,NA,NA,NA,NA,NA,NA,NA
"12",1979,387,16468,NA,NA,252,NA,2431,NA,1079,NA,4993,NA,2067,269858,117,NA,NA,1521856,NA,NA,NA,NA,NA,NA,65759,51842,498874,NA,NA,1128,86,1981,882207,50,1443,NA,546,8889,121927,NA,NA,1602,NA,NA,NA,0,200,239,NA,0,44450,NA,50638,16,1100,NA,737,3951,NA,350,NA,NA,3,NA,NA,738,5,NA,NA,1277,835,260,13,NA,NA,NA,NA,NA,NA,NA,NA,NA,NA,NA,NA,NA,NA,NA,NA,NA,NA,NA,NA,NA,NA,NA,NA,NA
"13",1981,100,24029,NA,NA,551,1841,3674,NA,7592,NA,4485,NA,169,314519,1006,234,0,2252368,NA,NA,NA,NA,0,NA,43940,18733,519393,NA,NA,1503,419,910,1159922,907,4243,NA,78,5213,68601,728,NA,234,NA,NA,NA,0,104,23,NA,0,44248,NA,NA,NA,50,NA,1287,1122,NA,382,NA,NA,NA,NA,NA,865,8,NA,NA,88,39,1560,NA,17,3151,NA,NA,NA,NA,NA,NA,NA,NA,NA,NA,NA,NA,NA,NA,NA,NA,NA,NA,NA,NA,NA,NA,NA
"14",1983,993,29190,374,NA,2688,1724,4706,NA,4555,777,973,NA,452,146014,1439,333,NA,3307834,NA,NA,NA,NA,100,NA,41909,10202,371882,NA,NA,793,601,4100,502339,902,419,NA,0,9134,99240,143,NA,2226,NA,NA,NA,0,NA,78,0,0,40736,NA,36746,0,263,NA,1887,3450,NA,400,NA,NA,NA,NA,15,198,13,0,65,NA,75,829,NA,NA,939,1000,NA,NA,NA,NA,NA,NA,NA,NA,NA,NA,NA,NA,NA,NA,NA,NA,NA,NA,NA,NA,NA,NA
"15",1985,1895,118921,1989,NA,1040,5720,1170,NA,13588,10496,658,1734,0,438022,3310,4412,NA,5248742,50,NA,NA,NA,NA,NA,61755,4116,163337,NA,3557,73,120,265,192747,247,283,NA,0,14712,95222,359,NA,5421,NA,NA,NA,0,130,0,0,0,38292,NA,6620,16,0,NA,4772,243,NA,0,NA,130,NA,NA,NA,0,0,55,3,NA,0,0,NA,NA,12000,NA,18,2437,1000,273,25,25,12000,591,25,NA,NA,NA,NA,NA,NA,NA,NA,NA,NA,NA,NA,NA
"16",1987,283,6029,18,NA,0,130,1708,NA,2561,135,845,3,0,1028892,5212,3,NA,1065710,NA,NA,NA,NA,26,NA,44200,21117,590261,NA,828,0,359,928,250270,460,36,NA,107,5467,104524,0,NA,322,NA,NA,NA,0,0,0,0,0,49756,NA,37705,840,939,354,1168,1310,NA,0,NA,0,NA,NA,NA,117,0,0,0,247,0,123,NA,NA,5,NA,0,559,0,0,NA,NA,5,0,500,2,NA,NA,NA,NA,NA,NA,NA,NA,NA,NA,NA,NA
"17",1989,421,13559,31,NA,1318,1651,9334,NA,8853,551,936,21,0,681572,3315,0,NA,4780703,NA,NA,NA,NA,5,NA,104000,21096,872460,NA,507,608,565,2122,280291,2366,169,NA,242,3290,327606,NA,NA,348,NA,NA,NA,0,0,0,NA,0,61563,NA,NA,172,0,26,2493,1300,NA,4000,NA,0,NA,NA,NA,36,5,0,0,372,5,0,NA,NA,544,NA,0,4022,0,0,NA,NA,544,0,NA,3,15,NA,NA,NA,NA,NA,NA,NA,NA,NA,NA,NA
"18",1991,1151,69610,1539,NA,354,1945,35100,NA,3370,2142,2085,13,1000,947812,12419,1945,NA,9281051,NA,NA,NA,NA,0,NA,184327,29008,1272395,NA,2600,1914,1616,NA,763916,1979,NA,NA,356,5364,156497,1035,NA,6783,NA,NA,NA,0,224,0,NA,14,45115,NA,5414,0,328,211,2391,2153,NA,0,NA,0,NA,NA,50,39,NA,0,0,595,0,0,NA,NA,4329,NA,NA,1473,0,25,NA,NA,4329,0,NA,0,NA,250,250,8,3,26,109,16,330,2100,602,3100
"19",1993,NA,NA,NA,NA,NA,NA,NA,NA,NA,NA,NA,NA,NA,NA,NA,NA,NA,12057418,NA,NA,NA,NA,NA,NA,NA,NA,NA,NA,NA,NA,NA,NA,NA,NA,NA,NA,NA,NA,NA,NA,NA,NA,NA,NA,NA,NA,NA,NA,NA,NA,NA,NA,NA,NA,NA,NA,NA,NA,NA,NA,NA,NA,NA,NA,NA,NA,NA,NA,NA,NA,NA,NA,NA,NA,NA,NA,NA,NA,NA,NA,NA,NA,NA,NA,NA,NA,NA,NA,NA,NA,NA,NA,NA,NA,NA,NA,NA,NA
"20",1995,NA,NA,NA,NA,NA,NA,NA,NA,NA,NA,NA,NA,NA,NA,NA,NA,NA,7291100,NA,NA,NA,NA,NA,NA,NA,NA,NA,NA,NA,NA,NA,NA,NA,NA,NA,NA,NA,NA,NA,NA,NA,NA,NA,NA,NA,NA,NA,NA,NA,NA,NA,NA,NA,NA,NA,NA,NA,NA,NA,NA,NA,NA,NA,NA,NA,NA,NA,NA,NA,NA,NA,NA,NA,NA,NA,NA,NA,NA,NA,NA,NA,NA,NA,NA,NA,NA,NA,NA,NA,NA,NA,NA,NA,NA,NA,NA,NA,NA
"21",1997,NA,NA,NA,NA,NA,NA,NA,NA,NA,NA,NA,NA,NA,NA,NA,NA,NA,2889683,NA,NA,NA,NA,NA,NA,NA,NA,NA,NA,NA,NA,NA,NA,NA,NA,NA,NA,NA,NA,NA,NA,NA,NA,NA,NA,NA,NA,NA,NA,NA,NA,NA,NA,NA,NA,NA,NA,NA,NA,NA,NA,NA,NA,NA,NA,NA,NA,NA,NA,NA,NA,NA,NA,NA,NA,NA,NA,NA,NA,NA,NA,NA,NA,NA,NA,NA,NA,NA,NA,NA,NA,NA,NA,NA,NA,NA,NA,NA,NA
"22",1999,NA,NA,NA,NA,NA,NA,NA,NA,NA,NA,NA,NA,NA,NA,NA,NA,NA,3453161,NA,NA,NA,NA,NA,NA,NA,NA,NA,NA,NA,NA,NA,NA,NA,NA,NA,NA,NA,NA,NA,NA,NA,NA,NA,NA,NA,NA,NA,NA,NA,NA,NA,NA,NA,NA,NA,NA,NA,NA,NA,NA,NA,NA,NA,NA,NA,NA,NA,NA,NA,NA,NA,NA,NA,NA,NA,NA,NA,NA,NA,NA,NA,NA,NA,NA,NA,NA,NA,NA,NA,NA,NA,NA,NA,NA,NA,NA,NA,NA
"23",2001,NA,NA,NA,NA,NA,NA,NA,NA,NA,NA,NA,NA,NA,NA,NA,NA,NA,19842566,NA,NA,NA,NA,NA,NA,NA,NA,NA,NA,NA,NA,NA,NA,NA,NA,NA,NA,NA,NA,NA,NA,NA,NA,NA,NA,NA,NA,NA,NA,NA,NA,NA,NA,NA,NA,NA,NA,NA,NA,NA,NA,NA,NA,NA,NA,NA,NA,NA,NA,NA,NA,NA,NA,NA,NA,NA,NA,NA,NA,NA,NA,NA,NA,NA,NA,NA,NA,NA,NA,NA,NA,NA,NA,NA,NA,NA,NA,NA,NA
"24",2003,NA,NA,NA,NA,NA,NA,NA,NA,NA,NA,NA,NA,NA,NA,NA,NA,5332,23931030,NA,NA,NA,NA,NA,NA,NA,NA,NA,NA,NA,NA,NA,NA,NA,NA,NA,NA,NA,NA,NA,NA,NA,NA,NA,NA,NA,NA,NA,NA,NA,NA,NA,NA,NA,NA,NA,NA,NA,NA,NA,NA,NA,NA,NA,NA,NA,NA,NA,NA,NA,NA,NA,NA,NA,NA,NA,NA,NA,NA,NA,NA,NA,NA,NA,NA,NA,NA,NA,NA,NA,NA,NA,NA,NA,NA,NA,NA,NA,NA
"25",2005,NA,NA,NA,NA,NA,NA,NA,NA,NA,NA,NA,NA,NA,NA,NA,NA,4406,8939601,NA,NA,NA,NA,NA,NA,NA,NA,NA,NA,NA,NA,NA,NA,NA,NA,NA,NA,NA,NA,NA,NA,NA,NA,NA,NA,NA,NA,NA,NA,NA,NA,NA,NA,NA,NA,NA,NA,NA,NA,NA,NA,NA,NA,NA,NA,NA,NA,NA,NA,NA,NA,NA,NA,NA,NA,NA,NA,NA,NA,NA,NA,NA,NA,NA,NA,NA,NA,NA,NA,NA,NA,NA,NA,NA,NA,NA,NA,NA,NA
"26",2007,NA,NA,NA,NA,NA,NA,NA,NA,NA,NA,NA,NA,NA,NA,NA,NA,2876,10131474,NA,NA,NA,NA,NA,NA,NA,NA,NA,NA,NA,NA,NA,NA,NA,NA,NA,NA,NA,NA,NA,NA,NA,NA,NA,NA,NA,NA,NA,NA,NA,NA,NA,NA,NA,NA,NA,NA,NA,NA,NA,NA,NA,NA,NA,NA,NA,NA,NA,NA,NA,NA,NA,NA,NA,NA,NA,NA,NA,NA,NA,NA,NA,NA,NA,NA,NA,NA,NA,NA,NA,NA,NA,NA,NA,NA,NA,NA,NA,NA
"27",2009,NA,NA,NA,NA,NA,NA,NA,NA,NA,NA,NA,NA,NA,NA,NA,NA,10679,15617000,NA,NA,NA,NA,NA,NA,NA,NA,NA,NA,NA,NA,NA,NA,NA,NA,NA,NA,NA,NA,NA,NA,NA,NA,NA,NA,NA,NA,NA,NA,NA,NA,NA,NA,NA,NA,NA,NA,NA,NA,NA,NA,NA,NA,NA,NA,NA,NA,NA,NA,NA,NA,NA,NA,NA,NA,NA,NA,NA,NA,NA,NA,NA,NA,NA,NA,NA,NA,NA,NA,NA,NA,NA,NA,NA,NA,NA,NA,NA,NA
"28",2011,NA,NA,NA,NA,NA,NA,NA,NA,NA,NA,NA,NA,NA,NA,NA,NA,NA,12587000,NA,NA,NA,NA,NA,NA,NA,NA,NA,NA,NA,NA,NA,NA,NA,NA,NA,NA,NA,NA,NA,NA,NA,NA,NA,NA,NA,NA,NA,NA,NA,NA,NA,NA,NA,NA,NA,NA,NA,NA,NA,NA,NA,NA,NA,NA,NA,NA,NA,NA,NA,NA,NA,NA,NA,NA,NA,NA,NA,NA,NA,NA,NA,NA,NA,NA,NA,NA,NA,NA,NA,NA,NA,NA,NA,NA,NA,NA,NA,NA
