,ANALYSIS_YR,Adams River (Salmon Arm) Pink Run 1,Alouette River (Coquitlam) Pink,American Creek (Chilliwack) Pink,Anderson River (Chilliwack) Pink,Big Silver Creek (Mission) Pink,Birkenhead River Pink,Bonaparte River (Lillooet) Pink Run 1,Borden Creek (Chilliwack) Pink,Bridge River (Lillooet) Pink Run 1,Cayoosh Creek (Lillooet) Pink Run 1,Centre Creek (Chilliwack) Pink,Chehalis River (Mission) Pink,Chilcotin River (Lower) (Williams Lake Area) Pink,Chilliwack Creek (Chilliwack) Pink,Chilliwack River (Chilliwack) Pink,Chilliwack River (Upper) (Chilliwack) Pink,Chipmunk Creek (Chilliwack) Pink,Churn Creek (Lillooet) Pink,Coquihalla River (Chilliwack) Pink,Coquitlam River (Coquitlam) Pink,Deadman River (Lillooet) Pink Run 1,Depot Creek (Chilliwack) Pink,Douglas Creek Pink,Eagle River (Salmon Arm) Pink Run 1,Emory Creek (Chilliwack) Pink,Floods Creek (Chilliwack) Pink,Foley Creek (Chilliwack) Pink,Fraser River (Mission) Pink,Fraser River and Tributaries (Mission) Pink,Gates Creek (Lillooet) Pink Run 1,Giesbrecht Spawning Channel (Chilliwack) Pink,Harrison River (Mission) Pink,Hawks Creek (Williams Lake Area) Pink,Hiuihill Creek (Salmon Arm) Pink,Hopedale Slough (Chilliwack) Pink Run 1,Hunter Creek (Chilliwack) Pink,Jones Creek Channel (Chilliwack) Pink,Kanaka Creek (Coquitlam) Pink,Lemieux Creek (Clearwater) Pink Run 1,Lillooet River (Lower) Pink,Little River (Salmon Arm) Pink Run 1,Little Shuswap Lake (Salmon Arm) Pink,Liumchen Creek (Chilliwack) Pink,Lorenzetta Creek (Chilliwack) Pink,Lower Shuswap River (Salmon Arm) Pink Run 1,Mahood Creek (Mission) Pink,Maria Slough (Mission) Pink,Nahatlatch River (Lillooet) Pink Run 1,Narcosli Creek (Quesnel) Pink Run 1,Nesakwatch Creek (Chilliwack) Pink,Nicoamen River (Lillooet) Pink,Nicola River (Lillooet) Pink Run 1,Nikwikwaia Creek (Salmon Arm) Pink,Norrish Creek (Mission) Pink,North Alouette River (Coquitlam) Pink,North Thompson River (Clearwater) Pink Run 1,Paleface Creek (Chilliwack) Pink,Peach Creek (Chilliwack) Pink,Popcum Creek Pink,Portage Creek (Lillooet) Pink Run 1,Quesnel River (Williams Lake Area) Pink Run 1,Ruby Creek (Mission) Pink,Ryder Creek (Chilliwack) Pink,Sawmill Creek (Chilliwack) Pink,Scotch Creek (Salmon Arm) Pink Run 1,Seton And Cayoosh Creeks (Lillooet) Pink Run 1,Seton River (Lillooet) Pink,Shuswap Lake (Salmon Arm) Pink Run 1,Silverdale Creek (Mission) Pink,Silverhope Creek (Chilliwack) Pink,Slesse Creek (Chilliwack) Pink,Sloquet Creek Pink,South Thompson River (Salmon Arm) Pink Run 1,Spuzzum Creek (Chilliwack) Pink,Squawkum Creek (Mission) Pink,Stave River (Mission) Pink,Steelhead Creek (Mission) Pink,Stein River (Lillooet) Pink Run 1,Stoyoma Creek (Chilliwack) Pink,Sucker Creek (Chilliwack) Pink Run 1,Sweltzer River (Chilliwack) Pink,Tamihi Creek (Chilliwack) Pink,Texas Creek (Lillooet) Pink,Thompson River (Lillooet) Pink Run 1,Trout Lake Creek (Mission) Pink,Upper & Lower Seton Channels (Lillooet) Pink,Upper Pitt River (Coquitlam) Pink,Wahleach Creek (Chilliwack) Pink,Watson Bar Creek (Lillooet) Pink,Weaver Channel (Mission) Pink,Weaver Creek (Mission) Pink,Whonnock Creek (Mission) Pink Run 1,Widgeon Creek (Coquitlam) Pink,Williams Lake River (Williams Lake Area) Pink Run 1,Yalakom River (Lillooet) Pink,Yale Creek (Chilliwack) Pink,TOTAL,,,,,,,,,
1,1953,NA,NA,NA,NA,NA,NA,NA,NA,NA,NA,NA,NA,NA,NA,NA,NA,NA,NA,NA,NA,NA,NA,NA,NA,NA,NA,NA,NA,NA,NA,NA,NA,NA,NA,NA,NA,NA,NA,NA,NA,NA,NA,NA,NA,NA,NA,NA,NA,NA,NA,NA,NA,NA,NA,NA,NA,NA,NA,NA,NA,NA,NA,NA,NA,NA,NA,NA,NA,NA,NA,NA,400,NA,NA,NA,NA,NA,NA,NA,NA,NA,NA,NA,NA,NA,NA,NA,NA,NA,NA,NA,NA,NA,NA,NA,NA,2353,,,,,,,,,
2,1957,NA,8,8,967,NA,NA,814,NA,0,NA,NA,9336,NA,125,212334,NA,NA,16,6601,8,629,57,NA,NA,0,NA,NA,1073904,NA,NA,NA,585798,NA,NA,NA,13,NA,216,NA,NA,NA,NA,NA,NA,NA,NA,NA,242,NA,NA,NA,1560,NA,3,13,NA,NA,NA,0,2010,NA,NA,NA,NA,NA,NA,58810,NA,62,572,NA,NA,NA,1568,NA,7036,NA,247,NA,655,9831,NA,NA,266329,NA,NA,NA,2034,NA,NA,346,715,NA,NA,0,0,2244824,2242867,,,,,,,,
3,1959,NA,0,790,567,NA,NA,3,NA,1201,NA,NA,6729,NA,NA,91517,NA,NA,NA,16088,0,0,NA,NA,NA,728,8,NA,733933,NA,NA,NA,110311,NA,NA,NA,234,NA,18,NA,NA,NA,NA,0,991,NA,NA,NA,216,NA,528,73,806,NA,0,0,NA,NA,NA,57,52,NA,528,NA,NA,NA,NA,14887,NA,68,1914,317,NA,NA,2111,NA,1383,NA,62,42,1279,751,0,195,86342,NA,NA,NA,2604,NA,NA,87,57,0,NA,13,510,1079959,1078000,,,,,,,,
4,1961,NA,NA,147,166,NA,NA,8,NA,1895,NA,NA,11921,NA,NA,188059,NA,NA,NA,7316,0,8,NA,NA,NA,22,0,NA,547850,NA,NA,NA,186137,NA,NA,NA,140,NA,23,NA,NA,NA,NA,NA,218,NA,NA,NA,244,NA,434,0,216,NA,NA,NA,NA,NA,NA,0,1550,NA,448,NA,NA,NA,NA,52019,NA,88,705,55,NA,NA,263,NA,3994,NA,83,NA,502,6224,NA,0,69179,NA,6711,NA,5088,NA,NA,539,278,NA,NA,0,31,1094522,1092561,,,,,,,,
5,1963,NA,NA,307,676,NA,NA,1706,NA,6422,537,NA,12394,NA,NA,312685,268,NA,81,14971,NA,101,42,NA,NA,36,3,NA,516831,NA,NA,NA,645476,NA,NA,NA,254,NA,3,NA,NA,NA,NA,NA,13,NA,NA,NA,369,NA,2904,NA,1196,NA,NA,NA,NA,172,NA,0,8013,NA,614,NA,NA,NA,NA,107484,NA,151,590,1578,NA,NA,364,NA,910,NA,231,0,104,15215,101,0,282240,NA,14106,NA,3500,411,NA,693,255,NA,NA,NA,31,1956001,1954038,,,,,,,,
6,1965,53,NA,101,31,34,NA,1750,NA,23657,614,NA,7621,NA,NA,188843,382,NA,5,3845,NA,39,112,NA,NA,5,NA,NA,543757,NA,NA,NA,69213,50,NA,NA,13,NA,5,NA,NA,NA,NA,NA,8,NA,NA,NA,424,NA,3531,NA,894,NA,NA,NA,NA,39,NA,NA,5931,3000,221,NA,NA,NA,NA,88046,NA,3,88,1524,NA,NA,31,NA,226,NA,125,NA,31,8908,13,NA,230364,NA,7000,NA,3000,NA,50,478,34,NA,NA,NA,NA,1196064,1194099,,,,,,,,
7,1967,NA,NA,192,65,NA,NA,2070,NA,6547,NA,NA,5625,50,NA,249499,75,NA,244,3045,NA,NA,21,NA,NA,10,NA,NA,785797,NA,NA,NA,64576,NA,NA,NA,3,NA,NA,NA,NA,NA,NA,NA,273,NA,NA,NA,31,NA,2304,NA,385,NA,NA,NA,NA,5,NA,NA,7822,2302,216,871,NA,NA,NA,197578,NA,NA,419,751,NA,NA,289,NA,276,NA,169,NA,211,19586,31,NA,448032,NA,27773,NA,3162,250,126,504,8,NA,NA,NA,26,1833186,1831219,,,,,,,,
8,1969,NA,NA,NA,200,91587,NA,900,NA,13034,NA,NA,7147,NA,NA,91587,190,NA,NA,2093,NA,52,NA,NA,NA,NA,NA,NA,848532,NA,NA,NA,96390,NA,NA,NA,NA,NA,NA,NA,NA,NA,NA,18923,NA,NA,NA,NA,NA,NA,156,52,NA,NA,NA,NA,NA,NA,NA,NA,1092,NA,NA,26,NA,NA,NA,180011,NA,NA,450,255,NA,NA,50,NA,NA,NA,NA,NA,322,18923,8,NA,247896,NA,18843,NA,1779,NA,200,725,NA,96390,NA,NA,NA,1739782,1737813,,1530913,"Removed Widgeon, Liumchen, Big Silver",,,,,
9,1971,815,NA,NA,68,NA,NA,614,NA,8817,4545,NA,32178,NA,NA,160511,104,330,187,16778,NA,122,NA,NA,NA,44,NA,NA,928046,NA,NA,NA,73881,NA,NA,NA,411,NA,NA,NA,NA,NA,NA,NA,NA,NA,NA,NA,198,NA,554,NA,772,NA,NA,NA,NA,NA,NA,NA,1456,4000,1139,NA,NA,NA,NA,262534,NA,NA,1200,442,NA,NA,55,NA,NA,NA,31,NA,1243,13122,10,NA,255880,NA,30889,NA,1304,NA,294,1141,NA,NA,1128,NA,109,1806923,1804952,,,,,,,,
10,1973,119,NA,52,150,NA,NA,939,NA,23738,1336,NA,14300,NA,NA,209052,400,NA,NA,11994,NA,0,NA,NA,NA,NA,NA,NA,766053,NA,NA,NA,196150,NA,NA,NA,367,NA,NA,NA,NA,NA,NA,65,NA,NA,NA,NA,NA,NA,510,NA,1300,NA,NA,NA,NA,NA,NA,NA,13983,NA,1061,NA,NA,NA,NA,179691,NA,NA,1872,738,NA,NA,83,NA,NA,NA,NA,NA,114,15265,34,NA,281146,NA,30310,NA,2544,NA,640,255,NA,NA,NA,NA,NA,1756234,1754261,,,,,,,,
11,1975,2447,NA,NA,218,NA,NA,1448,NA,10803,1541,NA,2356,NA,NA,80611,NA,NA,NA,5933,NA,2324,NA,25,NA,NA,NA,16,315049,NA,NA,NA,180052,NA,NA,NA,26,NA,NA,NA,NA,244,NA,NA,NA,15,NA,NA,465,NA,26,NA,6853,NA,NA,NA,NA,NA,NA,NA,28454,NA,NA,NA,NA,NA,NA,208193,NA,NA,229,484,NA,NA,NA,NA,NA,NA,36,NA,NA,16121,NA,NA,467019,NA,31869,NA,2645,NA,1201,411,NA,NA,NA,NA,NA,1369089,1367114,,1367089,Removed Douglas,,,,,
12,1977,1165,NA,NA,250,NA,NA,611,NA,25800,9412,NA,2613,NA,NA,48254,NA,NA,1362,2821,NA,185,NA,NA,NA,NA,NA,36,775016,NA,96,NA,126782,NA,NA,NA,143,NA,NA,NA,NA,2730,NA,NA,NA,3,NA,NA,2018,NA,198,NA,988,NA,NA,NA,150,NA,NA,NA,19904,1500,NA,NA,NA,NA,NA,331844,NA,NA,647,73,NA,1336,16,NA,NA,NA,582,NA,NA,5093,0,NA,971157,NA,48285,NA,3350,NA,963,2397,NA,NA,NA,NA,NA,2389757,2387780,,(31),Missing Nine Mile Creek in the Fraser Canyon (?),,,,,
13,1979,3951,NA,NA,387,NA,NA,1128,NA,65759,50638,13,2067,NA,NA,121927,1100,NA,50,16468,NA,86,546,NA,NA,NA,NA,NA,1521856,NA,1277,NA,269858,NA,NA,NA,252,NA,NA,NA,NA,738,NA,0,NA,5,NA,NA,2431,NA,200,NA,1981,NA,NA,NA,835,16,NA,NA,51842,350,1602,NA,NA,NA,NA,498874,NA,NA,1079,239,NA,260,NA,NA,NA,NA,1443,NA,NA,8889,0,NA,882207,NA,44450,NA,4993,NA,737,117,NA,NA,3,NA,NA,3562633,3560654,,,,,,,,
14,1981,1122,0,234,100,NA,17,1503,NA,43940,NA,NA,169,NA,NA,68601,50,NA,907,24029,0,419,78,NA,NA,NA,NA,NA,2252368,NA,88,NA,314519,NA,NA,NA,551,NA,NA,NA,NA,865,NA,0,728,8,3151,NA,3674,NA,104,NA,910,NA,NA,NA,39,NA,NA,NA,18733,382,234,NA,NA,NA,NA,519393,NA,NA,7592,23,NA,1560,NA,NA,0,NA,4243,NA,1841,5213,0,NA,1159922,NA,44248,NA,4485,NA,1287,1006,NA,NA,NA,NA,NA,4490317,4488336,,,,,,,,
15,1983,3450,NA,333,993,NA,NA,793,0,41909,36746,NA,452,NA,NA,99240,263,NA,902,29190,NA,601,0,15,NA,374,NA,65,3307834,NA,NA,NA,146014,NA,NA,NA,2688,NA,NA,NA,1000,198,NA,0,143,13,939,NA,4706,NA,NA,NA,4100,NA,NA,NA,75,0,NA,NA,10202,400,2226,NA,NA,NA,371882,NA,NA,NA,4555,78,NA,829,777,NA,100,NA,419,0,1724,9134,0,NA,502339,NA,40736,NA,973,NA,1887,1439,NA,NA,NA,NA,NA,4634719,4632736,,4631621,"Douglas, Lillooet, Stave",,,,,
16,1985,243,3557,4412,1895,NA,NA,73,55,61755,6620,NA,0,NA,NA,95556,0,NA,247,118921,NA,120,0,NA,NA,1989,NA,3,5248742,NA,NA,NA,438022,NA,NA,NA,1040,2437,NA,NA,NA,0,NA,0,359,0,12000,591,1170,NA,130,NA,265,NA,NA,NA,0,16,NA,NA,4116,0,5421,130,18,NA,163337,NA,NA,NA,13588,0,NA,0,10496,1000,NA,273,283,0,5720,14712,0,NA,192747,NA,38292,NA,658,NA,4772,3310,NA,NA,NA,NA,1734,6462810,6460770,,-125,"Removed Bordern, Is missing 'Misc streams in the Lower Fraser'",,,,,
17,1987,1310,828,3,283,354,NA,0,0,44200,37705,NA,0,NA,NA,104524,939,NA,460,6029,NA,359,107,NA,2,18,NA,0,1065710,NA,247,NA,1028892,NA,NA,NA,0,559,NA,NA,NA,117,NA,0,0,0,5,0,1170,NA,0,NA,928,NA,NA,NA,0,840,NA,NA,21117,0,322,0,0,NA,590261,NA,NA,NA,2561,0,NA,123,135,0,26,0,36,0,130,5467,0,NA,250270,NA,49756,500,845,NA,1168,5212,NA,NA,NA,NA,3,3225508,3223521,,,,,,,,
18,1989,1300,507,0,421,26,NA,608,0,104000,NA,NA,0,NA,NA,327606,0,NA,2366,13559,NA,565,242,NA,3,31,NA,0,4780703,NA,372,NA,681572,NA,NA,NA,1318,4022,NA,NA,NA,36,NA,0,NA,5,544,0,9334,NA,0,NA,2122,NA,NA,NA,5,172,NA,NA,21096,4000,348,0,0,NA,872460,NA,NA,NA,8853,0,15,0,551,0,5,0,169,NA,1651,3290,0,NA,276996,NA,61563,NA,936,NA,2493,3315,NA,NA,NA,NA,21,7191190,7189201,,,,,,,,
19,1991,2153,2600,1945,1152,211,NA,1914,0,184327,87388,NA,1000,NA,NA,158876,328,NA,1979,69610,NA,1616,356,50,0,1539,NA,0,9281051,NA,595,2100,947812,NA,8,602,354,1473,NA,NA,NA,39,26,0,1035,NA,4329,0,35100,330,224,NA,NA,3,NA,NA,0,0,3100,NA,29008,0,6783,0,NA,109,1272395,NA,16,NA,3370,0,NA,0,2142,0,0,25,NA,NA,1945,5364,14,NA,763916,250,45115,NA,2085,NA,2391,12419,NA,NA,NA,NA,13,12944576,12942585,,-250,Missing Hatchery Creek in Harrison,,,,,
20,1993,NA,NA,NA,NA,NA,NA,NA,NA,NA,NA,NA,NA,NA,NA,NA,NA,NA,NA,NA,NA,NA,NA,NA,NA,NA,NA,NA,NA,10774681,NA,NA,NA,NA,NA,NA,NA,NA,NA,NA,NA,NA,NA,NA,NA,NA,NA,NA,NA,NA,NA,NA,NA,NA,NA,NA,NA,NA,NA,NA,NA,NA,NA,NA,NA,NA,NA,NA,NA,NA,NA,NA,NA,NA,NA,NA,NA,NA,NA,NA,NA,NA,NA,NA,NA,NA,NA,NA,NA,NA,NA,NA,NA,NA,NA,NA,NA,,10774681,,,,,,,,
21,1995,NA,NA,NA,NA,NA,NA,NA,NA,NA,NA,NA,NA,NA,NA,NA,NA,NA,NA,NA,NA,NA,NA,NA,NA,NA,NA,NA,NA,7291100,NA,NA,NA,NA,NA,NA,NA,NA,NA,NA,NA,NA,NA,NA,NA,NA,NA,NA,NA,NA,NA,NA,NA,NA,NA,NA,NA,NA,NA,NA,NA,NA,NA,NA,NA,NA,NA,NA,NA,NA,NA,NA,NA,NA,NA,NA,NA,NA,NA,NA,NA,NA,NA,NA,NA,NA,NA,NA,NA,NA,NA,NA,NA,NA,NA,NA,NA,,7291100,,,,,,,,
22,1997,1000,150,NA,NA,NA,NA,NA,NA,NA,NA,NA,NA,NA,NA,NA,NA,NA,NA,NA,50,NA,NA,NA,NA,NA,NA,NA,NA,2914776,NA,NA,NA,NA,NA,NA,NA,NA,100,NA,NA,NA,NA,NA,NA,NA,NA,NA,NA,NA,NA,NA,NA,NA,NA,NA,NA,NA,NA,NA,NA,NA,NA,NA,NA,NA,NA,NA,NA,NA,NA,NA,NA,NA,NA,NA,NA,NA,NA,NA,NA,NA,NA,NA,NA,NA,NA,NA,NA,NA,NA,NA,NA,NA,NA,NA,NA,,2914776,,,,,,,,
23,1999,NA,NA,NA,NA,NA,NA,NA,NA,NA,NA,NA,NA,NA,NA,NA,NA,NA,NA,NA,NA,NA,NA,NA,NA,NA,NA,NA,NA,3453200,NA,NA,NA,NA,NA,NA,NA,NA,NA,NA,NA,NA,NA,NA,NA,NA,NA,NA,NA,91,NA,NA,NA,NA,NA,NA,NA,NA,NA,NA,NA,NA,NA,NA,NA,NA,NA,NA,NA,NA,NA,NA,NA,NA,NA,NA,NA,NA,NA,NA,NA,NA,NA,NA,NA,NA,NA,NA,NA,NA,NA,NA,NA,NA,NA,NA,NA,,3453200,,,,,,,,
24,2001,NA,NA,NA,NA,NA,NA,NA,NA,NA,NA,NA,NA,NA,NA,NA,NA,NA,NA,NA,NA,NA,NA,NA,NA,NA,NA,NA,NA,19842566,NA,NA,NA,NA,NA,NA,NA,NA,NA,NA,NA,NA,NA,NA,NA,NA,NA,NA,NA,NA,NA,NA,NA,NA,NA,NA,NA,NA,NA,NA,NA,NA,NA,NA,NA,NA,NA,NA,NA,NA,NA,NA,NA,NA,NA,NA,NA,NA,NA,NA,NA,NA,NA,NA,NA,NA,NA,NA,NA,NA,NA,NA,NA,NA,NA,NA,NA,,19842566,,,,,,,,
,,,,,,,,,,,,,,,,,,,,,,,,,,,,,,,,,,,,,,,,,,,,,,,,,,,,,,,,,,,,,,,,,,,,,,,,,,,,,,,,,,,,,,,,,,,,,,,,,,,0,,,,,,,,
